,target,feed,feature,fw1,fw2,fw3,score
0,CHOR,807f153a-d0f6-11e7-b63b-001999f98771,r2,0.00372679411667054,0.004508971755336433,0.004575816393489973,-2.0871416689096924
1,CHOR,807f153a-d0f6-11e7-b63b-001999f98771,hum,0.1617934047337637,0.16668796172594824,0.15894408924901704,-5.208745002278147
2,CHOR,807f153a-d0f6-11e7-b63b-001999f98771,temp,0.5402365202234796,0.5696700064720783,0.6323813648034751,-3.945561570409014
3,RODE,807f153a-d0f6-11e7-b63b-001999f98771,r2,0.003917250138050832,0.004834157539347073,0.00623030719171358,-0.5764612170752688
4,RODE,807f153a-d0f6-11e7-b63b-001999f98771,hum,0.19640456147770902,0.2053908931205175,0.21972274118024337,-2.1797713994635814
5,RODE,807f153a-d0f6-11e7-b63b-001999f98771,temp,0.6985477228081773,0.6838504569052652,0.6751651839361301,-1.7179010565652422
6,VKCL,807f153a-d0f6-11e7-b63b-001999f98771,r2,0.007428230121028223,0.008900092452196695,0.009621803781583838,-0.23110471623528617
7,VKCL,807f153a-d0f6-11e7-b63b-001999f98771,hum,0.3465722797807853,0.3876519690522553,0.3481984551121151,-1.87747068469695
8,VKCL,807f153a-d0f6-11e7-b63b-001999f98771,temp,1.1844147943982577,1.351266863642401,1.29462515541519,-0.6613712022956062
9,VKTU,807f153a-d0f6-11e7-b63b-001999f98771,r2,0.006234031912505378,0.0069620147249663256,0.007573738697806975,-0.35630522417122146
10,VKTU,807f153a-d0f6-11e7-b63b-001999f98771,hum,0.2661605704078349,0.31345563584920555,0.29469502335162545,-2.1984110092826192
11,VKTU,807f153a-d0f6-11e7-b63b-001999f98771,temp,1.0299226361975649,1.1268786473827177,0.9067637308047054,-1.6101919321695672
12,CHOR,807f16fc-d0f6-11e7-b63b-001999f98771,r2,0.003387267067625155,0.009784752716426759,0.011918019202165286,-0.46695479030922904
13,CHOR,807f16fc-d0f6-11e7-b63b-001999f98771,hum,0.21121157834041782,0.13473768061399483,0.5851633541302448,-3.81526137061927
14,CHOR,807f16fc-d0f6-11e7-b63b-001999f98771,temp,0.5961059796168797,1.023086705662294,0.31178426321617536,-3.298285570227949
15,RODE,807f16fc-d0f6-11e7-b63b-001999f98771,r2,0.003822784387924827,0.009388488227706215,0.010906197001516738,-0.3197563413148008
16,RODE,807f16fc-d0f6-11e7-b63b-001999f98771,hum,0.3201778591850726,0.22066468266851302,0.38382090183102946,-2.3884874989847185
17,RODE,807f16fc-d0f6-11e7-b63b-001999f98771,temp,0.7402004597249281,1.0097373504698197,0.13405763993323205,-1.75111991933005
18,VKCL,807f16fc-d0f6-11e7-b63b-001999f98771,r2,-0.0016791598699903432,0.01583482983645368,0.026492660989093864,0.009830992204568512
19,VKCL,807f16fc-d0f6-11e7-b63b-001999f98771,hum,0.5171677632929388,0.609941635994872,0.4226122675955821,-2.3781189899036277
20,VKCL,807f16fc-d0f6-11e7-b63b-001999f98771,temp,1.2631418636900271,1.7935223696603657,0.3770820772512593,-0.504953759724333
21,VKTU,807f16fc-d0f6-11e7-b63b-001999f98771,r2,-0.0025788104301169845,0.015737566727453967,0.019934178147833492,-0.11231588509260382
22,VKTU,807f16fc-d0f6-11e7-b63b-001999f98771,hum,0.4650249736780978,0.21303250528309547,0.5931963452005107,-2.593829567385718
23,VKTU,807f16fc-d0f6-11e7-b63b-001999f98771,temp,1.3504968928757926,1.9007670338205571,-0.5037756774585773,-1.601091217306704
24,CHOR,807f2c96-d0f6-11e7-b63b-001999f98771,r2,0.007008607545762602,0.00443171715922408,0.00549532261022323,-1.9475128177717602
25,CHOR,807f2c96-d0f6-11e7-b63b-001999f98771,hum,0.29573517836852403,0.29503343696766393,0.28840384576645306,-2.3691236119201013
26,CHOR,807f2c96-d0f6-11e7-b63b-001999f98771,temp,0.7161581036448723,0.18390570656130478,0.4544358764615595,-1.952501222225529
27,RODE,807f2c96-d0f6-11e7-b63b-001999f98771,r2,0.00841613173968625,0.005098330852442379,0.0033594972244443966,-1.019262253094102
28,RODE,807f2c96-d0f6-11e7-b63b-001999f98771,hum,0.3922320854005221,0.26402543701185976,0.23560745528369864,-1.2039744973102096
29,RODE,807f2c96-d0f6-11e7-b63b-001999f98771,temp,0.8452774441872322,0.2714077563047965,0.22738155776372082,-1.0661181855506094
30,VKCL,807f2c96-d0f6-11e7-b63b-001999f98771,r2,0.011167452672851574,0.007587868888451421,0.010385374676591397,-0.5155820611728568
31,VKCL,807f2c96-d0f6-11e7-b63b-001999f98771,hum,0.49330684820688475,0.43554454461641967,0.6175591611802247,-0.6982052176343061
32,VKCL,807f2c96-d0f6-11e7-b63b-001999f98771,temp,1.1516082464595172,0.5128870045978715,0.6500470477184876,-0.5727342946549587
33,VKTU,807f2c96-d0f6-11e7-b63b-001999f98771,r2,0.006871562308490731,0.006581576192624006,0.01036544325416422,-0.776540780307114
34,VKTU,807f2c96-d0f6-11e7-b63b-001999f98771,hum,0.43198367392153614,0.30356159605554467,0.5249124190299881,-0.9757440631109082
35,VKTU,807f2c96-d0f6-11e7-b63b-001999f98771,temp,0.9373176614612646,0.4093496309043303,0.5431403122674965,-0.8230723611750264
36,CHOR,807f2e6c-d0f6-11e7-b63b-001999f98771,r2,-0.003263407216174463,0.007358459803231632,0.018849429891664604,-2.1184382245247337
37,CHOR,807f2e6c-d0f6-11e7-b63b-001999f98771,hum,-0.13988132529125608,0.3197723709904814,0.7747536510422321,-3.598051934924695
38,CHOR,807f2e6c-d0f6-11e7-b63b-001999f98771,temp,0.7098056724643484,0.7370708858272792,1.3828384878814575,-3.2937235699556187
39,RODE,807f2e6c-d0f6-11e7-b63b-001999f98771,r2,0.0051381534959416275,0.007889119603066319,0.007190442724549606,-0.543757208073613
40,RODE,807f2e6c-d0f6-11e7-b63b-001999f98771,hum,0.21117638071501332,0.3579850211922846,0.29346111635499383,-1.6570484184224252
41,RODE,807f2e6c-d0f6-11e7-b63b-001999f98771,temp,0.8791133092675771,0.7319606271479593,0.7772096135305588,-1.0325332141583345
42,VKCL,807f2e6c-d0f6-11e7-b63b-001999f98771,r2,0.006947080147680973,0.01033785775636853,0.016377875655881113,-0.5234942036240644
43,VKCL,807f2e6c-d0f6-11e7-b63b-001999f98771,hum,0.34277385775555835,0.44747959697505024,0.6310238290322516,-1.6918536723641098
44,VKCL,807f2e6c-d0f6-11e7-b63b-001999f98771,temp,0.8412026311852614,1.3605055157824353,2.0103730948889904,-0.3613358197096559
45,VKTU,807f2e6c-d0f6-11e7-b63b-001999f98771,r2,0.00748296906824214,0.010569822181318023,0.009985290539547664,-0.4514076975053256
46,VKTU,807f2e6c-d0f6-11e7-b63b-001999f98771,hum,0.3005708565548666,0.43524309439936815,0.4411057069984494,-1.736845879573274
47,VKTU,807f2e6c-d0f6-11e7-b63b-001999f98771,temp,1.0628751805840153,1.3024305198732264,1.1239817115937711,-0.8854060011658229
48,CHOR,807f3b50-d0f6-11e7-b63b-001999f98771,r2,0.007495161270089659,0.002635423822357902,0.014183679132288546,-2.287578392289274
49,CHOR,807f3b50-d0f6-11e7-b63b-001999f98771,hum,0.03624260257828936,0.1816809813670064,0.3388819017887643,-151.14344893779017
50,CHOR,807f3b50-d0f6-11e7-b63b-001999f98771,temp,0.01860727146072878,1.048546553215811,2.3052635967690946,-12296.3779951313
51,RODE,807f3b50-d0f6-11e7-b63b-001999f98771,r2,0.007354743660798364,0.004136683161736293,0.011787747317468511,-1.1316342943527165
52,RODE,807f3b50-d0f6-11e7-b63b-001999f98771,hum,0.026542129619204838,0.21210962124550825,0.31681926678323347,-98.00507135590964
53,RODE,807f3b50-d0f6-11e7-b63b-001999f98771,temp,0.011170498602278905,1.388857049905429,1.6653194335768688,-6423.126957112052
54,VKCL,807f3b50-d0f6-11e7-b63b-001999f98771,r2,0.014000305678514971,0.0029540797467613733,0.023442668159351254,-0.48927674042618463
55,VKCL,807f3b50-d0f6-11e7-b63b-001999f98771,hum,0.052507158839780965,0.3316122766315672,0.5883465425890062,-120.29997567273954
56,VKCL,807f3b50-d0f6-11e7-b63b-001999f98771,temp,0.02428036808296876,2.2446358271821794,3.919578220480851,-10120.158073011042
57,VKTU,807f3b50-d0f6-11e7-b63b-001999f98771,r2,0.01373989243735256,0.002569994441804724,0.017090535602218293,-0.8869052285986077
58,VKTU,807f3b50-d0f6-11e7-b63b-001999f98771,hum,0.04302490053344761,0.30044154003420154,0.4561827944175576,-152.47094125728833
59,VKTU,807f3b50-d0f6-11e7-b63b-001999f98771,temp,0.015796252913101237,2.0228016247290697,2.9786929765876096,-12756.894213099884
60,CHOR,807f49e2-d0f6-11e7-b63b-001999f98771,r2,0.0002834899711632588,0.007698829845246891,0.009887876505830895,-1.22384466091167
61,CHOR,807f49e2-d0f6-11e7-b63b-001999f98771,hum,0.04494936380921111,0.25549635678184757,0.4164359250662777,-3.4678384454301296
62,CHOR,807f49e2-d0f6-11e7-b63b-001999f98771,temp,0.5126280638749812,0.8005137827133737,0.7015840327087375,-2.945740640162889
63,RODE,807f49e2-d0f6-11e7-b63b-001999f98771,r2,0.0019405575615185633,0.007168415767751624,0.009140630346950451,-0.4926154636689817
64,RODE,807f49e2-d0f6-11e7-b63b-001999f98771,hum,0.08185908383091078,0.25246118590864697,0.3999110805188941,-2.1267390035669544
65,RODE,807f49e2-d0f6-11e7-b63b-001999f98771,temp,0.8005306230141063,0.7836164700726336,0.647046825758558,-1.0171451843680073
66,VKCL,807f49e2-d0f6-11e7-b63b-001999f98771,r2,0.006672692922024548,0.011354038124412158,0.01344253243990634,-0.13191101227447177
67,VKCL,807f49e2-d0f6-11e7-b63b-001999f98771,hum,0.3459294522219558,0.4024152650207782,0.5199507339418474,-1.8002974342920015
68,VKCL,807f49e2-d0f6-11e7-b63b-001999f98771,temp,1.453588920163753,1.1272474914851358,1.568604632248352,0.08237372955804412
69,VKTU,807f49e2-d0f6-11e7-b63b-001999f98771,r2,0.005601589665500062,0.009309088874224214,0.010974827500199291,-0.1727613611595611
70,VKTU,807f49e2-d0f6-11e7-b63b-001999f98771,hum,0.30858126848366396,0.29288606024652,0.4430150519291729,-2.054943336692039
71,VKTU,807f49e2-d0f6-11e7-b63b-001999f98771,temp,1.1946743160649689,1.1782876717318516,0.9820395641698667,-0.46069291735580453
72,CHOR,807f4f46-d0f6-11e7-b63b-001999f98771,r2,0.003154655919999527,0.009442677733808136,0.009321383936990557,-1.5181317508233692
73,CHOR,807f4f46-d0f6-11e7-b63b-001999f98771,hum,0.10047960270261669,0.19678242926964273,0.29859007148883165,-3.738877252248371
74,CHOR,807f4f46-d0f6-11e7-b63b-001999f98771,temp,0.4739002702593922,1.1437065321276663,1.3251532940468849,-1.4799204086931117
75,RODE,807f4f46-d0f6-11e7-b63b-001999f98771,r2,-0.0005336994552914698,0.009830108209489374,0.01232585286325838,-0.9195648654494923
76,RODE,807f4f46-d0f6-11e7-b63b-001999f98771,hum,0.07331448853257783,0.24280738844785787,0.29032732654697213,-2.3007660031176225
77,RODE,807f4f46-d0f6-11e7-b63b-001999f98771,temp,0.5915341097484088,0.9878932815288124,1.2532931378013927,-0.49971786197699153
78,VKCL,807f4f46-d0f6-11e7-b63b-001999f98771,r2,0.004895815047293528,0.01609218524441225,0.01566046399055665,-0.5422021707623204
79,VKCL,807f4f46-d0f6-11e7-b63b-001999f98771,hum,0.2768854605997504,0.3052156603680345,0.4529190575824771,-1.8777069396672297
80,VKCL,807f4f46-d0f6-11e7-b63b-001999f98771,temp,0.48515055263601425,2.0785622873374905,2.5648366917770318,0.12362096850585447
81,VKTU,807f4f46-d0f6-11e7-b63b-001999f98771,r2,0.0055273458576656775,0.013327012872297317,0.01104225939024861,-0.6983652543909211
82,VKTU,807f4f46-d0f6-11e7-b63b-001999f98771,hum,0.17223361648815683,0.19311244934480953,0.47698756339681836,-2.2988555365925416
83,VKTU,807f4f46-d0f6-11e7-b63b-001999f98771,temp,0.7859450055356945,1.6188032090357183,1.7591645940979674,-0.32517121569021135
84,CHOR,807f5a18-d0f6-11e7-b63b-001999f98771,r2,0.00819236755417091,0.00573153402083177,0.006540533189933473,-12.02585584348926
85,CHOR,807f5a18-d0f6-11e7-b63b-001999f98771,hum,0.25919935654182735,0.18425146265700398,0.2059296753995783,-12.02585584348926
86,CHOR,807f5a18-d0f6-11e7-b63b-001999f98771,temp,1.9553792696050243,1.2023712940514129,1.413485853799859,-12.02585584348926
87,RODE,807f5a18-d0f6-11e7-b63b-001999f98771,r2,0.005287595202561501,0.005494138976711159,0.008049385607780027,-6.845758550131539
88,RODE,807f5a18-d0f6-11e7-b63b-001999f98771,hum,0.17406909488579603,0.1785401589958051,0.25205742281810695,-6.845758550131539
89,RODE,807f5a18-d0f6-11e7-b63b-001999f98771,temp,1.3181053869306405,1.2565727542658855,1.7610677414172713,-6.845758550131539
90,VKCL,807f5a18-d0f6-11e7-b63b-001999f98771,r2,0.010216850038175934,0.006618917925441323,0.01226226810254763,-6.130566628787291
91,VKCL,807f5a18-d0f6-11e7-b63b-001999f98771,hum,0.3328642762350462,0.209153711459368,0.3770288167123903,-6.130566628787291
92,VKCL,807f5a18-d0f6-11e7-b63b-001999f98771,temp,2.6152680567934015,1.6358873093470585,2.8092111114295655,-6.130566628787291
93,VKTU,807f5a18-d0f6-11e7-b63b-001999f98771,r2,0.008570521385069831,0.006485263766946185,0.008595939390067447,-7.898176963077477
94,VKTU,807f5a18-d0f6-11e7-b63b-001999f98771,hum,0.2717124521158192,0.20886959247761316,0.2661356800573471,-7.898176963077477
95,VKTU,807f5a18-d0f6-11e7-b63b-001999f98771,temp,2.2264732248596424,1.5414580009424146,1.8822615780254175,-7.898176963077477
96,CHOR,807f6b16-d0f6-11e7-b63b-001999f98771,r2,-0.008051572882854408,0.011554690886203645,0.01820115385011345,-1.1550009793392024
97,CHOR,807f6b16-d0f6-11e7-b63b-001999f98771,hum,-0.09509507349471136,0.36486251260194535,0.4232726711383634,-3.020930900077232
98,CHOR,807f6b16-d0f6-11e7-b63b-001999f98771,temp,-0.347259480144281,0.9895199879903203,1.631633895822091,-2.7887211511585686
99,RODE,807f6b16-d0f6-11e7-b63b-001999f98771,r2,-0.01067026483500455,0.009016223881813445,0.02272435391308747,-0.6463940723324018
100,RODE,807f6b16-d0f6-11e7-b63b-001999f98771,hum,-0.11864178282681692,0.46181407179439304,0.35719531202173016,-1.7659535486225102
101,RODE,807f6b16-d0f6-11e7-b63b-001999f98771,temp,-0.04289925824344465,0.9483431005640455,1.2951401180856124,-1.3205040054957542
102,VKCL,807f6b16-d0f6-11e7-b63b-001999f98771,r2,-0.002365512752150689,0.016705990937275317,0.021636223776239305,-0.31213080639687996
103,VKCL,807f6b16-d0f6-11e7-b63b-001999f98771,hum,0.20044778244332662,0.6053803449973998,0.3859152334493672,-1.557738785273477
104,VKCL,807f6b16-d0f6-11e7-b63b-001999f98771,temp,0.24171674929689857,1.387002684714389,2.3482568019570067,-0.26997814070571713
105,VKTU,807f6b16-d0f6-11e7-b63b-001999f98771,r2,-0.0038568125689262267,0.012908801208464382,0.020330387654542648,-0.4461995468085127
106,VKTU,807f6b16-d0f6-11e7-b63b-001999f98771,hum,-0.0014687030536677526,0.5031354282866118,0.46668825311365936,-1.7757930574267786
107,VKTU,807f6b16-d0f6-11e7-b63b-001999f98771,temp,0.281862976706023,0.8256089096650499,2.1423530891259475,-1.0302513749649895
108,CHOR,807f75e8-d0f6-11e7-b63b-001999f98771,r2,0.0,0.0,0.0,-12.02585584348926
109,CHOR,807f75e8-d0f6-11e7-b63b-001999f98771,hum,0.0,0.0,0.0,-12.02585584348926
110,CHOR,807f75e8-d0f6-11e7-b63b-001999f98771,temp,0.0,0.0,0.0,-12.02585584348926
111,RODE,807f75e8-d0f6-11e7-b63b-001999f98771,r2,0.0,0.0,0.0,-6.845758550131539
112,RODE,807f75e8-d0f6-11e7-b63b-001999f98771,hum,0.0,0.0,0.0,-6.845758550131539
113,RODE,807f75e8-d0f6-11e7-b63b-001999f98771,temp,0.0,0.0,0.0,-6.845758550131539
114,VKCL,807f75e8-d0f6-11e7-b63b-001999f98771,r2,0.0,0.0,0.0,-6.130566628787291
115,VKCL,807f75e8-d0f6-11e7-b63b-001999f98771,hum,0.0,0.0,0.0,-6.130566628787291
116,VKCL,807f75e8-d0f6-11e7-b63b-001999f98771,temp,0.0,0.0,0.0,-6.130566628787291
117,VKTU,807f75e8-d0f6-11e7-b63b-001999f98771,r2,0.0,0.0,0.0,-7.898176963077477
118,VKTU,807f75e8-d0f6-11e7-b63b-001999f98771,hum,0.0,0.0,0.0,-7.898176963077477
119,VKTU,807f75e8-d0f6-11e7-b63b-001999f98771,temp,0.0,0.0,0.0,-7.898176963077477
120,CHOR,807f77b4-d0f6-11e7-b63b-001999f98771,r2,0.0031363254634959314,0.008070352931048574,0.005155421213940192,-5.5595626664284135
121,CHOR,807f77b4-d0f6-11e7-b63b-001999f98771,hum,0.20260987281990062,0.5674432402750043,0.4119121473548333,-7.019983381483058
122,CHOR,807f77b4-d0f6-11e7-b63b-001999f98771,temp,0.5058690433537336,0.6894983152008045,0.637167063124501,-5.485467679895201
123,RODE,807f77b4-d0f6-11e7-b63b-001999f98771,r2,0.004102461709874133,0.005408978880518445,0.004860921490198122,-3.570364697154158
124,RODE,807f77b4-d0f6-11e7-b63b-001999f98771,hum,0.28453801493347086,0.41368754776272887,0.36370384265502764,-4.309803567766253
125,RODE,807f77b4-d0f6-11e7-b63b-001999f98771,temp,0.5465729769221461,0.4583518588160693,0.582013986094303,-3.4390562383290835
126,VKCL,807f77b4-d0f6-11e7-b63b-001999f98771,r2,0.004753242466674523,0.011388051676093025,0.00924854903365191,-3.1936031608883253
127,VKCL,807f77b4-d0f6-11e7-b63b-001999f98771,hum,0.44167510267998367,0.7472444465767296,0.6966046836962434,-3.943643410918974
128,VKCL,807f77b4-d0f6-11e7-b63b-001999f98771,temp,0.7230394393228607,1.1766062592288904,1.0057904633804782,-2.9259124286376728
129,VKTU,807f77b4-d0f6-11e7-b63b-001999f98771,r2,0.007420004444864237,0.0072784968589929,0.006025355698368595,-3.5824552229760016
130,VKTU,807f77b4-d0f6-11e7-b63b-001999f98771,hum,0.5578630738447448,0.49319194225025953,0.4747223157174929,-4.590321806147808
131,VKTU,807f77b4-d0f6-11e7-b63b-001999f98771,temp,0.929332997144158,0.7509873481713925,0.7030028683138241,-3.3056230712563046
132,CHOR,807f798a-d0f6-11e7-b63b-001999f98771,r2,0.0070400774074397265,0.006474990205909831,0.010731896567022017,-9.764431536697332
133,CHOR,807f798a-d0f6-11e7-b63b-001999f98771,hum,0.1957150860813385,0.15091159134311827,0.3037174621379488,-10.038475746704878
134,CHOR,807f798a-d0f6-11e7-b63b-001999f98771,temp,1.117924499422263,0.8032173104564007,1.6119640638276334,-9.715499953940519
135,RODE,807f798a-d0f6-11e7-b63b-001999f98771,r2,0.008345745731328307,0.007447239097581573,0.010380438261639861,-5.8627143996152835
136,RODE,807f798a-d0f6-11e7-b63b-001999f98771,hum,0.22889882083461854,0.17994660186949518,0.29999211631644207,-5.943800964206223
137,RODE,807f798a-d0f6-11e7-b63b-001999f98771,temp,1.3082413218866664,0.9159249140868422,1.580108215738405,-5.927319493369168
138,VKCL,807f798a-d0f6-11e7-b63b-001999f98771,r2,0.013881690994863558,0.012826916666131644,0.016565677519327915,-5.000160902482224
139,VKCL,807f798a-d0f6-11e7-b63b-001999f98771,hum,0.40670344100815187,0.336789450223022,0.47920989955442517,-5.084571749672084
140,VKCL,807f798a-d0f6-11e7-b63b-001999f98771,temp,2.0755924271545347,1.7169976058211507,2.5655238736923405,-4.966167323844058
141,VKTU,807f798a-d0f6-11e7-b63b-001999f98771,r2,0.01222891015615156,0.010296993564195812,0.012529650661138862,-6.68323687379645
142,VKTU,807f798a-d0f6-11e7-b63b-001999f98771,hum,0.3489260324813225,0.2650035775121252,0.3742540693275147,-6.755236000870673
143,VKTU,807f798a-d0f6-11e7-b63b-001999f98771,temp,1.8875408147668815,1.364190914007981,1.9247625206081977,-6.763970216822166
144,CHOR,807f7b56-d0f6-11e7-b63b-001999f98771,r2,-0.0038068174888739037,0.007933215317336817,0.01647592787792629,-9.108190286864891
145,CHOR,807f7b56-d0f6-11e7-b63b-001999f98771,hum,0.04699137387365582,0.4120582945154112,0.49564968120222375,-9.410293044168846
146,CHOR,807f7b56-d0f6-11e7-b63b-001999f98771,temp,0.2814812529974233,0.7899700236512643,0.8112364613889866,-9.662810192191479
147,RODE,807f7b56-d0f6-11e7-b63b-001999f98771,r2,-0.016229981065304377,0.009926068666414878,0.02601823130493841,-4.857358481687511
148,RODE,807f7b56-d0f6-11e7-b63b-001999f98771,hum,-0.3322162285409789,0.6524790923209736,0.6201633458574349,-5.360546237994639
149,RODE,807f7b56-d0f6-11e7-b63b-001999f98771,temp,-0.28289607274988526,1.0770983711186943,1.0428574902747982,-5.018080579020899
150,VKCL,807f7b56-d0f6-11e7-b63b-001999f98771,r2,-0.00878926948405745,0.015902694570803177,0.026648670714811473,-4.265835205653285
151,VKCL,807f7b56-d0f6-11e7-b63b-001999f98771,hum,0.2777553295928712,0.7091049416962534,0.6035831367229321,-4.787665151416483
152,VKCL,807f7b56-d0f6-11e7-b63b-001999f98771,temp,-0.20596629793058696,1.5455032420541102,1.9826378227995178,-4.224410040372463
153,VKTU,807f7b56-d0f6-11e7-b63b-001999f98771,r2,-0.0007167969141814723,0.008716610028489669,0.01964733972605437,-5.860245286449633
154,VKTU,807f7b56-d0f6-11e7-b63b-001999f98771,hum,0.5398277374686273,0.36609688999136836,0.3957545026293019,-6.3132550110630055
155,VKTU,807f7b56-d0f6-11e7-b63b-001999f98771,temp,0.7482538737354218,0.7935941459347475,1.1750896350262678,-5.982700571817303
156,CHOR,807f80f6-d0f6-11e7-b63b-001999f98771,r2,0.009821476523974318,0.007100940273153805,0.005547521813013823,-12.02585584348926
157,CHOR,807f80f6-d0f6-11e7-b63b-001999f98771,hum,0.3325979205482552,0.20765773132326348,0.23451068835399447,-12.02585584348926
158,CHOR,807f80f6-d0f6-11e7-b63b-001999f98771,temp,2.622803750914432,2.9689623303937154,1.397018171064687,-12.02585584348926
159,RODE,807f80f6-d0f6-11e7-b63b-001999f98771,r2,0.007196598429136253,0.006473707130968218,0.0036841769012773418,-6.845758550131539
160,RODE,807f80f6-d0f6-11e7-b63b-001999f98771,hum,0.25353893003529193,0.1953623126109605,0.14888424985158544,-6.845758550131539
161,RODE,807f80f6-d0f6-11e7-b63b-001999f98771,temp,1.7338737141417333,2.5719284709349957,1.175496037646944,-6.845758550131539
162,VKCL,807f80f6-d0f6-11e7-b63b-001999f98771,r2,0.010974629024790253,0.008620495674903389,0.007717154643723301,-6.130566628787291
163,VKCL,807f80f6-d0f6-11e7-b63b-001999f98771,hum,0.3832655517127117,0.27872566332118787,0.2728635371718786,-6.130566628787291
164,VKCL,807f80f6-d0f6-11e7-b63b-001999f98771,temp,2.8999483064930587,2.8390176982727837,2.842894948363586,-6.130566628787291
165,VKTU,807f80f6-d0f6-11e7-b63b-001999f98771,r2,0.0090257870574868,0.007586281321237495,0.005906334422273812,-7.898176963077477
166,VKTU,807f80f6-d0f6-11e7-b63b-001999f98771,hum,0.3025008193223764,0.2445260400264866,0.2201448207686738,-7.898176963077477
167,VKTU,807f80f6-d0f6-11e7-b63b-001999f98771,temp,2.7830555811996938,2.4656843608823635,1.9245220158883356,-7.898176963077477
168,CHOR,807f8664-d0f6-11e7-b63b-001999f98771,r2,0.004429864897884217,0.00656038294231398,0.006022377263525502,-1.009913292232889
169,CHOR,807f8664-d0f6-11e7-b63b-001999f98771,hum,0.03532393530553346,0.07729429503833707,0.17159723052312081,-3.1657905126529506
170,CHOR,807f8664-d0f6-11e7-b63b-001999f98771,temp,2.016853708308556,0.25023673619374165,0.9467062770259531,-4.844293116712264
171,RODE,807f8664-d0f6-11e7-b63b-001999f98771,r2,0.00549936707531562,0.006120925931939691,0.005011557505078201,-0.5695900915599328
172,RODE,807f8664-d0f6-11e7-b63b-001999f98771,hum,0.06736335425074369,0.053730507829302,0.16280682054186713,-1.8720467081314802
173,RODE,807f8664-d0f6-11e7-b63b-001999f98771,temp,1.8880935437001902,0.6419694721967772,0.4895188317951238,-2.1668313381653594
174,VKCL,807f8664-d0f6-11e7-b63b-001999f98771,r2,0.005065945903783842,0.01112397202447113,0.012097783644158255,-0.24681667272236107
175,VKCL,807f8664-d0f6-11e7-b63b-001999f98771,hum,0.24762920247676945,0.02774629113467597,0.20738132872139659,-1.629181666942352
176,VKCL,807f8664-d0f6-11e7-b63b-001999f98771,temp,2.9287980764951698,1.3475780571832274,1.293120180703795,-1.0936919698804726
177,VKTU,807f8664-d0f6-11e7-b63b-001999f98771,r2,0.0069229204495107055,0.010480574651213104,0.005647833419621051,-0.36407189100705795
178,VKTU,807f8664-d0f6-11e7-b63b-001999f98771,hum,0.19361000304500653,-0.02441081209740048,0.22520762604938938,-1.8629788168791528
179,VKTU,807f8664-d0f6-11e7-b63b-001999f98771,temp,2.4986243354211766,0.9697849623678394,0.8902542730834,-2.2768585882822303
180,CHOR,807f8a1a-d0f6-11e7-b63b-001999f98771,r2,0.0,0.0,0.0,-12.02585584348926
181,CHOR,807f8a1a-d0f6-11e7-b63b-001999f98771,hum,0.0,0.0,0.0,-12.02585584348926
182,CHOR,807f8a1a-d0f6-11e7-b63b-001999f98771,temp,0.0,0.0,0.0,-12.02585584348926
183,RODE,807f8a1a-d0f6-11e7-b63b-001999f98771,r2,0.0,0.0,0.0,-6.845758550131539
184,RODE,807f8a1a-d0f6-11e7-b63b-001999f98771,hum,0.0,0.0,0.0,-6.845758550131539
185,RODE,807f8a1a-d0f6-11e7-b63b-001999f98771,temp,0.0,0.0,0.0,-6.845758550131539
186,VKCL,807f8a1a-d0f6-11e7-b63b-001999f98771,r2,0.0,0.0,0.0,-6.130566628787291
187,VKCL,807f8a1a-d0f6-11e7-b63b-001999f98771,hum,0.0,0.0,0.0,-6.130566628787291
188,VKCL,807f8a1a-d0f6-11e7-b63b-001999f98771,temp,0.0,0.0,0.0,-6.130566628787291
189,VKTU,807f8a1a-d0f6-11e7-b63b-001999f98771,r2,0.0,0.0,0.0,-7.898176963077477
190,VKTU,807f8a1a-d0f6-11e7-b63b-001999f98771,hum,0.0,0.0,0.0,-7.898176963077477
191,VKTU,807f8a1a-d0f6-11e7-b63b-001999f98771,temp,0.0,0.0,0.0,-7.898176963077477
192,CHOR,807f8be6-d0f6-11e7-b63b-001999f98771,r2,-0.07911166428906569,0.05153960282419234,0.04450392496681843,-1.3670203971002435
193,CHOR,807f8be6-d0f6-11e7-b63b-001999f98771,hum,0.21084552467337048,0.1790861120980871,0.28716780087883365,-4.144117061344601
194,CHOR,807f8be6-d0f6-11e7-b63b-001999f98771,temp,0.7010996182337728,0.8816356493916331,0.8970353999119567,-5.778445066664195
195,RODE,807f8be6-d0f6-11e7-b63b-001999f98771,r2,-0.06453603573255151,0.024607368711883737,0.056536411303895306,-0.7638105004983939
196,RODE,807f8be6-d0f6-11e7-b63b-001999f98771,hum,0.25233667647951563,0.2023032279227266,0.2281547859748656,-2.523198413645643
197,RODE,807f8be6-d0f6-11e7-b63b-001999f98771,temp,0.8809585319278419,0.7312673172569504,0.6779682932381377,-2.625726390728136
198,VKCL,807f8be6-d0f6-11e7-b63b-001999f98771,r2,0.002160837188988296,0.011941282225420125,0.01427353939102538,-0.36633960774614294
199,VKCL,807f8be6-d0f6-11e7-b63b-001999f98771,hum,0.5051947305705724,0.35042126434802867,0.29369678716034286,-2.43232336003273
200,VKCL,807f8be6-d0f6-11e7-b63b-001999f98771,temp,1.5167510235050514,1.577249648322507,1.1552794993905593,-1.5587677050769084
201,VKTU,807f8be6-d0f6-11e7-b63b-001999f98771,r2,-0.00016545960041725039,0.011741691495630313,0.011576691194125743,-0.5400638869123349
202,VKTU,807f8be6-d0f6-11e7-b63b-001999f98771,hum,0.3538634764167554,0.179250274106721,0.4031116351840609,-2.7403194808239717
203,VKTU,807f8be6-d0f6-11e7-b63b-001999f98771,temp,1.2864995132533572,1.5885377773160343,0.5188710204007521,-3.247233461890424
